STUDENT PLAN,count
Applied Economics and Mgmt,1
Architecture,1
Biological Sciences,2
Biology & Society,1
Biology and Society,3
Biometry & Statistics,1
Business Administration,1
Design & Environmental Analy,1
Economics,5
Envr/Sustainability Sciences,1
Fine Arts,1
Food Science,1
Government,3
"Government, History",1
History,3
Hotel and Restaurant Admin,6
"Human Bio, Health, & Society",1
Industrial and Labor Relations,6
Information Science Sys & Tech,1
Inter Agriculture & Rural Dev,1
"Linguistics, Philosophy",1
Mathematics,2
"Mathematics, Computer Science",1
Mechanical Engineering,1
Near Eastern Studies,1
Policy Analysis and Management,3
Psychology,1
Unaffiliated,1
Undeclared,20
"Undeclared, Internal Transfer - Undeclared",1
Urban & Regional Studies,2
Viticulture and Enology,1
